{
"lengthUnit": "mil",
"components": {
	"fields": ["COMPONENT_NO", "COMPONENT_NAME", "LAYER", "X_COORDINATE", "Y_COORDINATE", "ANGLE"],
	"rows": [
		[1, "PAD1", "T", 131.89, 3622.04, 0],
		[2, "PAD1", "B", 131.89, 3622.04, 0],
		[3, "PAD2", "T", 131.89, 3700.78, 0],
		[4, "PAD2", "B", 131.89, 3700.78, 0],
		[5, "PAD3", "T", 8455, 1380, 0],
		[6, "PAD3", "B", 8455, 1380, 0],
		[7, "PAD4", "T", 8555, 1380, 0],
		[8, "PAD4", "B", 8555, 1380, 0],
		[9, "PAD5", "T", 8655, 1380, 0],
		[10, "PAD5", "B", 8655, 1380, 0],
		[11, "PAD6", "T", 8750, 1973.56, 0],
		[12, "PAD6", "B", 8750, 1973.56, 0],
		[13, "PAD7", "T", 8750, 2073.56, 0],
		[14, "PAD7", "B", 8750, 2073.56, 0],
		[15, "PAD8", "T", 8750, 1873.56, 0],
		[16, "PAD8", "B", 8750, 1873.56, 0],
		[17, "PAD9", "T", 8750.01, 1773.56, 0],
		[18, "PAD9", "B", 8750.01, 1773.56, 0],
		[19, "PAD10", "T", 8855, 1380, 0],
		[20, "PAD10", "B", 8855, 1380, 0],
		[21, "PAD11", "T", 8955, 1380, 0],
		[22, "PAD11", "B", 8955, 1380, 0],
		[23, "PAD12", "T", 9055, 1380, 0],
		[24, "PAD12", "B", 9055, 1380, 0],
		[25, "PAD13", "T", 9155, 1380, 0],
		[26, "PAD13", "B", 9155, 1380, 0],
		[27, "PAD14", "T", 9255, 1380, 0],
		[28, "PAD14", "B", 9255, 1380, 0],
		[29, "PAD15", "T", 9355, 1380, 0],
		[30, "PAD15", "B", 9355, 1380, 0],
		[31, "PAD16", "T", 9455, 1380, 0],
		[32, "PAD16", "B", 9455, 1380, 0],
		[33, "PAD17", "T", 9555, 1380, 0],
		[34, "PAD17", "B", 9555, 1380, 0],
		[35, "PAD18", "T", 9655, 1380, 0],
		[36, "PAD18", "B", 9655, 1380, 0],
		[37, "PAD19", "T", 9755, 1380, 0],
		[38, "PAD19", "B", 9755, 1380, 0],
		[39, "PAD20", "T", 9855, 1380, 0],
		[40, "PAD20", "B", 9855, 1380, 0],
		[41, "PAD21", "T", 9955, 1380, 0],
		[42, "PAD21", "B", 9955, 1380, 0],
		[43, "PAD22", "T", 10055, 1380, 0],
		[44, "PAD22", "B", 10055, 1380, 0],
		[45, "PAD23", "T", 10155, 1380, 0],
		[46, "PAD23", "B", 10155, 1380, 0],
		[47, "PAD24", "T", 10255, 1380, 0],
		[48, "PAD24", "B", 10255, 1380, 0],
		[49, "PAD25", "T", 10355, 1380, 0],
		[50, "PAD25", "B", 10355, 1380, 0],
		[51, "PAD26", "B", 5787.4, 6240.16, 0],
		[52, "PAD27", "B", 5656.14, 6240.16, 0],
		[53, "PAD28", "B", 5524.92, 6240.16, 0],
		[54, "PAD29", "B", 5393.7, 6240.16, 0],
		[55, "PAD30", "B", 782.87, 6611.01, 0],
		[56, "PAD31", "B", 1314.37, 6711.01, 0],
		[57, "PAD32", "B", 1688.38, 6611.01, 0],
		[58, "PAD33", "B", 2219.88, 6711.01, 0],
		[59, "PAD34", "B", 2593.89, 6611.01, 0],
		[60, "PAD35", "B", 3125.39, 6711.01, 0],
		[61, "PAD36", "B", 3499.4, 6611.01, 0],
		[62, "PAD37", "B", 4030.9, 6711.01, 0],
		[63, "PAD38", "B", 4404.91, 6611.01, 0],
		[64, "PAD39", "B", 4936.41, 6711.01, 0],
		[65, "PAD40", "B", 1801.26, 4380.35, 0],
		[66, "PAD41", "B", 2446.02, 4510.27, 0],
		[67, "PAD42", "B", 2835.49, 4726.05, 0],
		[68, "PAD43", "B", 3366.99, 4826.05, 0],
		[69, "PAD44", "B", 3897.89, 4823.06, 0],
		[70, "PAD45", "B", 4429.39, 4923.06, 0],
		[71, "PAD46", "B", 4833.89, 4248.48, 0],
		[72, "PAD47", "B", 5365.38, 4348.48, 0],
		[73, "PAD48", "B", 5751.58, 4992.47, 0],
		[74, "PAD49", "B", 6283.07, 5092.47, 0],
		[75, "PAD50", "B", 6706.19, 5532.23, 0],
		[76, "PAD51", "B", 7237.68, 5632.23, 0],
		[77, "PAD52", "B", 8874.52, 5250.81, 0],
		[78, "PAD53", "B", 9406.01, 5350.81, 0],
		[79, "PAD54", "B", 7809.05, 5477.39, 0],
		[80, "PAD55", "B", 8340.54, 5577.39, 0],
		[81, "PAD56", "B", 7892.13, 4394.72, 0],
		[82, "PAD57", "B", 8423.63, 4494.72, 0],
		[83, "PAD58", "B", 8898.33, 4202.77, 0],
		[84, "PAD59", "B", 9429.82, 4302.77, 0],
		[85, "PAD60", "B", 6842.81, 4438.41, 0],
		[86, "PAD61", "B", 7374.3, 4538.41, 0],
		[87, "PAD62", "B", 5909.89, 3913.49, 0],
		[88, "PAD63", "B", 6441.38, 4013.49, 0],
		[89, "PAD64", "B", 4007.12, 2404.51, 0],
		[90, "PAD65", "B", 4538.62, 2504.51, 0],
		[91, "PAD66", "B", 5124.14, 2135.94, 0],
		[92, "PAD67", "B", 5655.63, 2235.94, 0],
		[93, "PAD68", "B", 6168.13, 2596.62, 0],
		[94, "PAD69", "B", 6699.62, 2696.62, 0],
		[95, "PAD70", "T", 10569.76, 6748.02, 0],
		[96, "PAD71", "T", 10392.6, 6874, 0],
		[97, "PAD72", "T", 10569.76, 6874, 0],
		[98, "PAD73", "B", 2445, 4455, 0],
		[99, "PAD74", "B", 2445, 4400, 0],
		[100, "PAD75", "B", 2445, 4565, 0]
	]
},
"pins": {
	"fields": ["PIN_NO", "PIN_NAME", "PIN_X", "PIN_Y", "LAYER", "PIN_TYPE", "NET_NAME", "NET_TYPE", "PAD_SHAPE", "PAD_SIZEX", "PAD_SIZEY", "HOLE_SIZE", "PAD_ANGLE"],
	"rows": [
		[1, "PAD1_999", 131.89, 3622.04, "T", "DIP", "GND", "GND", "C", 47.24, 47.24, 23.62, 270],
		[2, "PAD1_999", 131.89, 3622.04, "B", "DIP", "GND", "GND", "C", 47.24, 47.24, 23.62, 270],
		[3, "PAD2_999", 131.89, 3700.78, "T", "DIP", "GND1", "", "C", 47.24, 47.24, 23.62, 270],
		[4, "PAD2_999", 131.89, 3700.78, "B", "DIP", "GND1", "", "C", 47.24, 47.24, 23.62, 270],
		[5, "PAD3_999", 8455, 1380, "T", "DIP", "VCC", "", "C", 62, 62, 35, 0],
		[6, "PAD3_999", 8455, 1380, "B", "DIP", "VCC", "", "C", 62, 62, 35, 0],
		[7, "PAD4_999", 8555, 1380, "T", "DIP", "DIN", "", "C", 62, 62, 35, 0],
		[8, "PAD4_999", 8555, 1380, "B", "DIP", "DIN", "", "C", 62, 62, 35, 0],
		[9, "PAD5_999", 8655, 1380, "T", "DIP", "HOME", "", "C", 62, 62, 35, 0],
		[10, "PAD5_999", 8655, 1380, "B", "DIP", "HOME", "", "C", 62, 62, 35, 0],
		[11, "PAD6_999", 8750, 1973.56, "T", "DIP", "D+", "", "C", 62, 62, 35, 270],
		[12, "PAD6_999", 8750, 1973.56, "B", "DIP", "D+", "", "C", 62, 62, 35, 270],
		[13, "PAD7_999", 8750, 2073.56, "T", "DIP", "GND", "GND", "C", 62, 62, 35, 270],
		[14, "PAD7_999", 8750, 2073.56, "B", "DIP", "GND", "GND", "C", 62, 62, 35, 270],
		[15, "PAD8_999", 8750, 1873.56, "T", "DIP", "D-", "", "C", 62, 62, 35, 270],
		[16, "PAD8_999", 8750, 1873.56, "B", "DIP", "D-", "", "C", 62, 62, 35, 270],
		[17, "PAD9_999", 8750.01, 1773.56, "T", "DIP", "+", "", "R", 62, 62, 35, 270],
		[18, "PAD9_999", 8750.01, 1773.56, "B", "DIP", "+", "", "R", 62, 62, 35, 270],
		[19, "PAD10_999", 8855, 1380, "T", "DIP", "START", "", "C", 62, 62, 35, 0],
		[20, "PAD10_999", 8855, 1380, "B", "DIP", "START", "", "C", 62, 62, 35, 0],
		[21, "PAD11_999", 8955, 1380, "T", "DIP", "SELECT", "", "C", 62, 62, 35, 0],
		[22, "PAD11_999", 8955, 1380, "B", "DIP", "SELECT", "", "C", 62, 62, 35, 0],
		[23, "PAD12_999", 9055, 1380, "T", "DIP", "R3", "", "C", 62, 62, 35, 0],
		[24, "PAD12_999", 9055, 1380, "B", "DIP", "R3", "", "C", 62, 62, 35, 0],
		[25, "PAD13_999", 9155, 1380, "T", "DIP", "R2", "", "C", 62, 62, 35, 0],
		[26, "PAD13_999", 9155, 1380, "B", "DIP", "R2", "", "C", 62, 62, 35, 0],
		[27, "PAD14_999", 9255, 1380, "T", "DIP", "R1", "", "C", 62, 62, 35, 0],
		[28, "PAD14_999", 9255, 1380, "B", "DIP", "R1", "", "C", 62, 62, 35, 0],
		[29, "PAD15_999", 9355, 1380, "T", "DIP", "L3", "", "C", 62, 62, 35, 0],
		[30, "PAD15_999", 9355, 1380, "B", "DIP", "L3", "", "C", 62, 62, 35, 0],
		[31, "PAD16_999", 9455, 1380, "T", "DIP", "L2", "", "C", 62, 62, 35, 0],
		[32, "PAD16_999", 9455, 1380, "B", "DIP", "L2", "", "C", 62, 62, 35, 0],
		[33, "PAD17_999", 9555, 1380, "T", "DIP", "L1", "", "C", 62, 62, 35, 0],
		[34, "PAD17_999", 9555, 1380, "B", "DIP", "L1", "", "C", 62, 62, 35, 0],
		[35, "PAD18_999", 9655, 1380, "T", "DIP", "Y", "", "C", 62, 62, 35, 0],
		[36, "PAD18_999", 9655, 1380, "B", "DIP", "Y", "", "C", 62, 62, 35, 0],
		[37, "PAD19_999", 9755, 1380, "T", "DIP", "X", "", "C", 62, 62, 35, 0],
		[38, "PAD19_999", 9755, 1380, "B", "DIP", "X", "", "C", 62, 62, 35, 0],
		[39, "PAD20_999", 9855, 1380, "T", "DIP", "B", "", "C", 62, 62, 35, 0],
		[40, "PAD20_999", 9855, 1380, "B", "DIP", "B", "", "C", 62, 62, 35, 0],
		[41, "PAD21_999", 9955, 1380, "T", "DIP", "A", "", "C", 62, 62, 35, 0],
		[42, "PAD21_999", 9955, 1380, "B", "DIP", "A", "", "C", 62, 62, 35, 0],
		[43, "PAD22_999", 10055, 1380, "T", "DIP", "RIGHT", "", "C", 62, 62, 35, 0],
		[44, "PAD22_999", 10055, 1380, "B", "DIP", "RIGHT", "", "C", 62, 62, 35, 0],
		[45, "PAD23_999", 10155, 1380, "T", "DIP", "LEFT", "", "C", 62, 62, 35, 0],
		[46, "PAD23_999", 10155, 1380, "B", "DIP", "LEFT", "", "C", 62, 62, 35, 0],
		[47, "PAD24_999", 10255, 1380, "T", "DIP", "DOWN", "", "C", 62, 62, 35, 0],
		[48, "PAD24_999", 10255, 1380, "B", "DIP", "DOWN", "", "C", 62, 62, 35, 0],
		[49, "PAD25_999", 10355, 1380, "T", "DIP", "UP", "", "C", 62, 62, 35, 0],
		[50, "PAD25_999", 10355, 1380, "B", "DIP", "UP", "", "C", 62, 62, 35, 0],
		[51, "PAD26_999", 5787.4, 6240.16, "B", "SMD", "GND", "GND", "R", 78.74, 118.11, 0, 180],
		[52, "PAD27_999", 5656.14, 6240.16, "B", "SMD", "D+", "", "R", 78.74, 118.11, 0, 180],
		[53, "PAD28_999", 5524.92, 6240.16, "B", "SMD", "D-", "", "R", 78.74, 118.11, 0, 180],
		[54, "PAD29_999", 5393.7, 6240.16, "B", "SMD", "+", "", "R", 78.74, 118.11, 0, 180],
		[55, "PAD30_999", 782.87, 6611.01, "B", "SMD", "GND1", "", "R", 102.36, 102.36, 0, 0],
		[56, "PAD31_999", 1314.37, 6711.01, "B", "SMD", "HOME", "", "R", 102.36, 102.36, 0, 0],
		[57, "PAD32_999", 1688.38, 6611.01, "B", "SMD", "GND1", "", "R", 102.36, 102.36, 0, 0],
		[58, "PAD33_999", 2219.88, 6711.01, "B", "SMD", "SELECT", "", "R", 102.36, 102.36, 0, 0],
		[59, "PAD34_999", 2593.89, 6611.01, "B", "SMD", "GND1", "", "R", 102.36, 102.36, 0, 0],
		[60, "PAD35_999", 3125.39, 6711.01, "B", "SMD", "START", "", "R", 102.36, 102.36, 0, 0],
		[61, "PAD36_999", 3499.4, 6611.01, "B", "SMD", "GND", "GND", "R", 102.36, 102.36, 0, 0],
		[62, "PAD37_999", 4030.9, 6711.01, "B", "SMD", "L3", "", "R", 102.36, 102.36, 0, 0],
		[63, "PAD38_999", 4404.91, 6611.01, "B", "SMD", "GND", "GND", "R", 102.36, 102.36, 0, 0],
		[64, "PAD39_999", 4936.41, 6711.01, "B", "SMD", "R3", "", "R", 102.36, 102.36, 0, 0],
		[65, "PAD40_999", 1801.26, 4380.35, "B", "SMD", "GND", "GND", "R", 102.36, 102.36, 0, 0],
		[66, "PAD41_999", 2446.02, 4510.27, "B", "SMD", "R3", "", "R", 31.5, 47.24, 0, 90],
		[67, "PAD42_999", 2835.49, 4726.05, "B", "SMD", "GND", "GND", "R", 102.36, 102.36, 0, 0],
		[68, "PAD43_999", 3366.99, 4826.05, "B", "SMD", "LEFT", "", "R", 102.36, 102.36, 0, 0],
		[69, "PAD44_999", 3897.89, 4823.06, "B", "SMD", "GND", "GND", "R", 102.36, 102.36, 0, 0],
		[70, "PAD45_999", 4429.39, 4923.06, "B", "SMD", "DOWN", "", "R", 102.36, 102.36, 0, 0],
		[71, "PAD46_999", 4833.89, 4248.48, "B", "SMD", "GND", "GND", "R", 102.36, 102.36, 0, 0],
		[72, "PAD47_999", 5365.38, 4348.48, "B", "SMD", "RIGHT", "", "R", 102.36, 102.36, 0, 0],
		[73, "PAD48_999", 5751.58, 4992.47, "B", "SMD", "GND", "GND", "R", 102.36, 102.36, 0, 0],
		[74, "PAD49_999", 6283.07, 5092.47, "B", "SMD", "X", "", "R", 102.36, 102.36, 0, 0],
		[75, "PAD50_999", 6706.19, 5532.23, "B", "SMD", "GND", "GND", "R", 102.36, 102.36, 0, 0],
		[76, "PAD51_999", 7237.68, 5632.23, "B", "SMD", "Y", "", "R", 102.36, 102.36, 0, 0],
		[77, "PAD52_999", 8874.52, 5250.81, "B", "SMD", "GND", "GND", "R", 102.36, 102.36, 0, 0],
		[78, "PAD53_999", 9406.01, 5350.81, "B", "SMD", "L2", "", "R", 102.36, 102.36, 0, 0],
		[79, "PAD54_999", 7809.05, 5477.39, "B", "SMD", "GND", "GND", "R", 102.36, 102.36, 0, 0],
		[80, "PAD55_999", 8340.54, 5577.39, "B", "SMD", "R2", "", "R", 102.36, 102.36, 0, 0],
		[81, "PAD56_999", 7892.13, 4394.72, "B", "SMD", "GND", "GND", "R", 102.36, 102.36, 0, 0],
		[82, "PAD57_999", 8423.63, 4494.72, "B", "SMD", "R1", "", "R", 102.36, 102.36, 0, 0],
		[83, "PAD58_999", 8898.33, 4202.77, "B", "SMD", "GND", "GND", "R", 102.36, 102.36, 0, 0],
		[84, "PAD59_999", 9429.82, 4302.77, "B", "SMD", "L1", "", "R", 102.36, 102.36, 0, 0],
		[85, "PAD60_999", 6842.81, 4438.41, "B", "SMD", "GND", "GND", "R", 102.36, 102.36, 0, 0],
		[86, "PAD61_999", 7374.3, 4538.41, "B", "SMD", "B", "", "R", 102.36, 102.36, 0, 0],
		[87, "PAD62_999", 5909.89, 3913.49, "B", "SMD", "GND", "GND", "R", 102.36, 102.36, 0, 0],
		[88, "PAD63_999", 6441.38, 4013.49, "B", "SMD", "A", "", "R", 102.36, 102.36, 0, 0],
		[89, "PAD64_999", 4007.12, 2404.51, "B", "SMD", "GND", "GND", "R", 102.36, 102.36, 0, 0],
		[90, "PAD65_999", 4538.62, 2504.51, "B", "SMD", "L3", "", "R", 102.36, 102.36, 0, 0],
		[91, "PAD66_999", 5124.14, 2135.94, "B", "SMD", "GND", "GND", "R", 102.36, 102.36, 0, 0],
		[92, "PAD67_999", 5655.63, 2235.94, "B", "SMD", "UP", "", "R", 102.36, 102.36, 0, 0],
		[93, "PAD68_999", 6168.13, 2596.62, "B", "SMD", "GND", "GND", "R", 102.36, 102.36, 0, 0],
		[94, "PAD69_999", 6699.62, 2696.62, "B", "SMD", "R3", "", "R", 102.36, 102.36, 0, 0],
		[95, "PAD70_999", 10569.76, 6748.02, "T", "SMD", "GND", "GND", "R", 78.74, 39.37, 0, 0],
		[96, "PAD71_999", 10392.6, 6874, "T", "SMD", "VCC", "", "R", 78.74, 39.37, 0, 0],
		[97, "PAD72_999", 10569.76, 6874, "T", "SMD", "DIN", "", "R", 78.74, 39.37, 0, 0],
		[98, "PAD73_999", 2445, 4455, "B", "SMD", "L3", "", "R", 31.5, 47.24, 0, 90],
		[99, "PAD74_999", 2445, 4400, "B", "SMD", "SELECT", "", "R", 31.5, 47.24, 0, 90],
		[100, "PAD75_999", 2445, 4565, "B", "SMD", "L1", "", "R", 31.5, 47.24, 0, 90]
	]
}
}